{"name":"sg-rule-list","identifier":"XRWX0WJ0BQ","description":null,"parentIntentSignature":null,"sampleUtterances":[{"utterance":"are there any wide open rules in my security group?"},{"utterance":"is all inbound traffic allowed through my security group?"},{"utterance":"what ports are open to everyone from the internet in my security group?"},{"utterance":"list unrestricted security group rules"}],"intentConfirmationSetting":null,"intentClosingSetting":null,"initialResponseSetting":{"codeHook":{"isActive":true,"enableCodeHookInvocation":true,"invocationLabel":null,"postCodeHookSpecification":{"failureResponse":null,"failureNextStep":{"sessionAttributes":null,"intent":null,"dialogAction":{"type":"EndConversation","suppressNextMessage":null,"slotToElicit":null}},"failureConditional":null,"successConditional":null,"timeoutResponse":null,"timeoutNextStep":{"sessionAttributes":null,"intent":null,"dialogAction":{"type":"EndConversation","suppressNextMessage":null,"slotToElicit":null}},"timeoutConditional":null,"successNextStep":{"sessionAttributes":null,"intent":null,"dialogAction":{"type":"FulfillIntent","suppressNextMessage":null,"slotToElicit":null}},"successResponse":null}},"conditional":null,"nextStep":{"sessionAttributes":null,"intent":null,"dialogAction":{"type":"InvokeDialogCodeHook","suppressNextMessage":null,"slotToElicit":null}},"initialResponse":null},"inputContexts":null,"outputContexts":[{"name":"selected-sg-rules","timeToLiveInSeconds":3600,"turnsToLive":5}],"kendraConfiguration":null,"dialogCodeHook":null,"fulfillmentCodeHook":{"postFulfillmentStatusSpecification":{"failureResponse":null,"failureNextStep":{"sessionAttributes":null,"intent":null,"dialogAction":{"type":"EndConversation","suppressNextMessage":null,"slotToElicit":null}},"timeoutResponse":null,"timeoutNextStep":{"sessionAttributes":null,"intent":null,"dialogAction":{"type":"EndConversation","suppressNextMessage":null,"slotToElicit":null}},"successNextStep":{"sessionAttributes":null,"intent":null,"dialogAction":{"type":"EndConversation","suppressNextMessage":null,"slotToElicit":null}},"successResponse":null},"fulfillmentUpdatesSpecification":null,"enabled":true},"slotPriorities":[]}