{"name":"s3-search","identifier":"DBES2PYJL2","description":null,"parentIntentSignature":null,"sampleUtterances":[{"utterance":"search for {objName} in all s3 buckets"},{"utterance":"search for files named {objName} in S3"},{"utterance":"Search for {objName} in S3"},{"utterance":"search for s3 objects containing {objName}"},{"utterance":"search for {objName} in bucket {bucketIndex}"},{"utterance":"search for files named {objName} in bucket {bucketIndex}"},{"utterance":"Search for {objName} in S3 bucket {bucketIndex}"},{"utterance":"search for s3 objects containing {objName} in bucket {bucketIndex}"},{"utterance":"search for objects containing {objName} across all buckets"},{"utterance":"search for {objName} across all buckets?"},{"utterance":"search for objects containing the keyword {objName} in S3"},{"utterance":"search for objects containing the keyword {objName} in bucket {bucketIndex}"}],"intentConfirmationSetting":null,"intentClosingSetting":null,"initialResponseSetting":{"codeHook":{"isActive":true,"enableCodeHookInvocation":true,"invocationLabel":null,"postCodeHookSpecification":{"failureResponse":null,"failureNextStep":{"sessionAttributes":null,"intent":null,"dialogAction":{"type":"EndConversation","suppressNextMessage":null,"slotToElicit":null}},"failureConditional":null,"successConditional":null,"timeoutResponse":null,"timeoutNextStep":{"sessionAttributes":null,"intent":null,"dialogAction":{"type":"EndConversation","suppressNextMessage":null,"slotToElicit":null}},"timeoutConditional":null,"successNextStep":{"sessionAttributes":null,"intent":null,"dialogAction":{"type":"ElicitSlot","suppressNextMessage":null,"slotToElicit":"objName"}},"successResponse":null}},"conditional":null,"nextStep":{"sessionAttributes":null,"intent":null,"dialogAction":{"type":"InvokeDialogCodeHook","suppressNextMessage":null,"slotToElicit":null}},"initialResponse":null},"inputContexts":null,"outputContexts":[{"name":"s3-search-results","timeToLiveInSeconds":3600,"turnsToLive":5}],"kendraConfiguration":null,"dialogCodeHook":{"enabled":false},"fulfillmentCodeHook":{"postFulfillmentStatusSpecification":{"failureResponse":null,"failureNextStep":{"sessionAttributes":null,"intent":null,"dialogAction":{"type":"EndConversation","suppressNextMessage":null,"slotToElicit":null}},"timeoutResponse":null,"timeoutNextStep":{"sessionAttributes":null,"intent":null,"dialogAction":{"type":"EndConversation","suppressNextMessage":null,"slotToElicit":null}},"successNextStep":{"sessionAttributes":null,"intent":null,"dialogAction":{"type":"EndConversation","suppressNextMessage":null,"slotToElicit":null}},"successResponse":null},"fulfillmentUpdatesSpecification":null,"enabled":true},"slotPriorities":[{"priority":1,"slotName":"bucketIndex"},{"priority":2,"slotName":"objName"}]}