{"name":"s3-list-buckets","identifier":"IFLU5J6MAP","description":null,"parentIntentSignature":null,"sampleUtterances":[{"utterance":"list all S3 buckets"},{"utterance":"show me all my buckets"},{"utterance":"show all s3 buckets"},{"utterance":"how many S3 buckets do I have?"},{"utterance":"show a list of all S3 buckets"}],"intentConfirmationSetting":null,"intentClosingSetting":null,"initialResponseSetting":{"codeHook":{"isActive":true,"enableCodeHookInvocation":true,"invocationLabel":null,"postCodeHookSpecification":{"failureResponse":null,"failureNextStep":{"sessionAttributes":null,"intent":null,"dialogAction":{"type":"EndConversation","suppressNextMessage":null,"slotToElicit":null}},"failureConditional":null,"successConditional":null,"timeoutResponse":null,"timeoutNextStep":{"sessionAttributes":null,"intent":null,"dialogAction":{"type":"EndConversation","suppressNextMessage":null,"slotToElicit":null}},"timeoutConditional":null,"successNextStep":{"sessionAttributes":null,"intent":null,"dialogAction":{"type":"EndConversation","suppressNextMessage":null,"slotToElicit":null}},"successResponse":null}},"conditional":null,"nextStep":{"sessionAttributes":null,"intent":null,"dialogAction":{"type":"InvokeDialogCodeHook","suppressNextMessage":null,"slotToElicit":null}},"initialResponse":null},"inputContexts":null,"outputContexts":[{"name":"buckets-listed","timeToLiveInSeconds":3600,"turnsToLive":5}],"kendraConfiguration":null,"dialogCodeHook":{"enabled":true},"fulfillmentCodeHook":null,"slotPriorities":[]}