{"name":"get-help","identifier":"1WNHGFB5PE","description":null,"parentIntentSignature":"AMAZON.HelpIntent","sampleUtterances":null,"intentConfirmationSetting":null,"intentClosingSetting":{"isActive":true,"closingResponse":{"messageGroupsList":[{"message":{"ssmlMessage":null,"customPayload":null,"plainTextMessage":{"value":"I can help you configure various AWS services by relying solely on your natural language input. "},"imageResponseCard":null},"variations":[{"ssmlMessage":null,"customPayload":null,"plainTextMessage":{"value":"I can help you perform various types of operations on resources like instances, buckets, security group rules..."},"imageResponseCard":null},{"ssmlMessage":null,"customPayload":null,"plainTextMessage":{"value":"Here are a few example requests you can try: \"show me all my instances\", \"find all instances running on t2 micro\", \"Launch a windows instance\", \"list all my S3 buckets\"..."},"imageResponseCard":null}]}],"allowInterrupt":true},"nextStep":{"sessionAttributes":null,"intent":null,"dialogAction":{"type":"EndConversation","suppressNextMessage":null,"slotToElicit":null}}},"initialResponseSetting":{"codeHook":{"isActive":true,"enableCodeHookInvocation":true,"invocationLabel":null,"postCodeHookSpecification":{"failureResponse":null,"failureNextStep":{"sessionAttributes":null,"intent":null,"dialogAction":{"type":"EndConversation","suppressNextMessage":null,"slotToElicit":null}},"failureConditional":null,"successConditional":null,"timeoutResponse":null,"timeoutNextStep":{"sessionAttributes":null,"intent":null,"dialogAction":{"type":"EndConversation","suppressNextMessage":null,"slotToElicit":null}},"timeoutConditional":null,"successNextStep":{"sessionAttributes":null,"intent":null,"dialogAction":{"type":"CloseIntent","suppressNextMessage":null,"slotToElicit":null}},"successResponse":null}},"conditional":null,"nextStep":{"sessionAttributes":null,"intent":null,"dialogAction":{"type":"InvokeDialogCodeHook","suppressNextMessage":null,"slotToElicit":null}},"initialResponse":null},"inputContexts":null,"outputContexts":null,"kendraConfiguration":null,"dialogCodeHook":null,"fulfillmentCodeHook":null,"slotPriorities":[]}