{"name":"ec2-terminate","identifier":"MTCLLOJKJP","description":null,"parentIntentSignature":null,"sampleUtterances":[{"utterance":"Terminate these instances"},{"utterance":"Terminate selected instances"}],"intentConfirmationSetting":null,"intentClosingSetting":null,"initialResponseSetting":{"codeHook":{"isActive":true,"enableCodeHookInvocation":true,"invocationLabel":null,"postCodeHookSpecification":{"failureResponse":null,"failureNextStep":{"sessionAttributes":null,"intent":null,"dialogAction":{"type":"EndConversation","suppressNextMessage":null,"slotToElicit":null}},"failureConditional":null,"successConditional":null,"timeoutResponse":null,"timeoutNextStep":{"sessionAttributes":null,"intent":null,"dialogAction":{"type":"EndConversation","suppressNextMessage":null,"slotToElicit":null}},"timeoutConditional":null,"successNextStep":{"sessionAttributes":null,"intent":null,"dialogAction":{"type":"FulfillIntent","suppressNextMessage":null,"slotToElicit":null}},"successResponse":null}},"conditional":null,"nextStep":{"sessionAttributes":null,"intent":null,"dialogAction":{"type":"InvokeDialogCodeHook","suppressNextMessage":null,"slotToElicit":null}},"initialResponse":null},"inputContexts":[{"name":"selected-instances","timeToLiveInSeconds":null,"turnsToLive":null}],"outputContexts":null,"kendraConfiguration":null,"dialogCodeHook":null,"fulfillmentCodeHook":{"postFulfillmentStatusSpecification":{"failureResponse":null,"failureNextStep":{"sessionAttributes":null,"intent":null,"dialogAction":{"type":"EndConversation","suppressNextMessage":null,"slotToElicit":null}},"timeoutResponse":null,"timeoutNextStep":{"sessionAttributes":null,"intent":null,"dialogAction":{"type":"EndConversation","suppressNextMessage":null,"slotToElicit":null}},"successNextStep":{"sessionAttributes":null,"intent":null,"dialogAction":{"type":"EndConversation","suppressNextMessage":null,"slotToElicit":null}},"successResponse":null},"fulfillmentUpdatesSpecification":null,"enabled":true},"slotPriorities":[]}